Workbook

Sheet Facture automatique
A1: EBRIÉ LAGOON EXPERIENCE
A3: Expériences • Émotions • Souvenirs
A5: INFORMATIONS CLIENT & FACTURE
A7: N° Facture | B7: FAC-EL-001 | C7: Date facture | D7: JJ/MM/AAAA | E7: Échéance | F7: Avant prestation
A8: Client | B8: [Nom client] | C8: Téléphone | D8: [Téléphone] | E8: Email | F8: [Email]
A9: Date prestation | B9: [Date] | C9: Heure | D9: [Heure] | E9: Lieu embarquement | F9: [Lieu]
A11: PACK PRINCIPAL | B11: Demande en mariage Premium | C11: Prix pack | D11: =VLOOKUP(B11,Tarifs!$B$4:$C$20,2,FALSE) -> 400000
A14: DÉTAIL DES PRESTATIONS & CALCUL AUTOMATIQUE
A15: N° | B15: Désignation | C15: Quantité | D15: Prix unitaire | E15: Total | F15: Type | G15: Observation | H15: Facturable ?
A16: 1 | C16: 0 | D16: =IF(B16="","",VLOOKUP(B16,Tarifs!$B$4:$C$20,2,FALSE)) | E16: =IF(OR(B16="",H16="Non"),"",C16*D16) | F16: Option | H16: Oui
A17: 2 | C17: 0 | D17: =IF(B17="","",VLOOKUP(B17,Tarifs!$B$4:$C$20,2,FALSE)) | E17: =IF(OR(B17="",H17="Non"),"",C17*D17) | F17: Option | H17: Oui
A18: 3 | C18: 0 | D18: =IF(B18="","",VLOOKUP(B18,Tarifs!$B$4:$C$20,2,FALSE)) | E18: =IF(OR(B18="",H18="Non"),"",C18*D18) | F18: Option | H18: Oui
A19: 4 | C19: 0 | D19: =IF(B19="","",VLOOKUP(B19,Tarifs!$B$4:$C$20,2,FALSE)) | E19: =IF(OR(B19="",H19="Non"),"",C19*D19) | F19: Option | H19: Oui
A20: 5 | C20: 0 | D20: =IF(B20="","",VLOOKUP(B20,Tarifs!$B$4:$C$20,2,FALSE)) | E20: =IF(OR(B20="",H20="Non"),"",C20*D20) | F20: Option | H20: Oui
A21: 6 | C21: 0 | D21: =IF(B21="","",VLOOKUP(B21,Tarifs!$B$4:$C$20,2,FALSE)) | E21: =IF(OR(B21="",H21="Non"),"",C21*D21) | F21: Option | H21: Oui
A22: 7 | C22: 0 | D22: =IF(B22="","",VLOOKUP(B22,Tarifs!$B$4:$C$20,2,FALSE)) | E22: =IF(OR(B22="",H22="Non"),"",C22*D22) | F22: Option | H22: Oui
A23: 8 | C23: 0 | D23: =IF(B23="","",VLOOKUP(B23,Tarifs!$B$4:$C$20,2,FALSE)) | E23: =IF(OR(B23="",H23="Non"),"",C23*D23) | F23: Option | H23: Oui
A24: 9 | C24: 0 | D24: =IF(B24="","",VLOOKUP(B24,Tarifs!$B$4:$C$20,2,FALSE)) | E24: =IF(OR(B24="",H24="Non"),"",C24*D24) | F24: Option | H24: Oui
A25: 10 | C25: 0 | D25: =IF(B25="","",VLOOKUP(B25,Tarifs!$B$4:$C$20,2,FALSE)) | E25: =IF(OR(B25="",H25="Non"),"",C25*D25) | F25: Option | H25: Oui
A26: 11 | C26: 0 | D26: =IF(B26="","",VLOOKUP(B26,Tarifs!$B$4:$C$20,2,FALSE)) | E26: =IF(OR(B26="",H26="Non"),"",C26*D26) | F26: Option | H26: Oui
A27: 12 | C27: 0 | D27: =IF(B27="","",VLOOKUP(B27,Tarifs!$B$4:$C$20,2,FALSE)) | E27: =IF(OR(B27="",H27="Non"),"",C27*D27) | F27: Option | H27: Oui
D29: Sous-total prestations | E29: =SUM(E16:E27) -> 0
D30: Pack principal | E30: =D11 -> 400000
D31: TOTAL FACTURE | E31: =E29+E30 -> 400000
D33: Acompte reçu | E33: 0
D34: Solde reçu | E34: 0
D35: Total payé | E35: =E33+E34 -> 0
D36: Reste à payer | E36: =MAX(E31-E35,0) -> 400000
D37: Statut | E37: =IF(E35=0,"EN ATTENTE",IF(E36=0,"SOLDÉE","PARTIELLEMENT PAYÉE")) -> EN ATTENTE
A39: MENTIONS & CONDITIONS
A40: Facture établie conformément à la prestation validée. Le solde doit être réglé avant embarquement. En cas d’annulation à moins de 72 heures, l’acompte reste acquis. La prestation peut être reportée en cas de météo défavorable ou de contrainte de sécurité.
A45: Signature Client | F45: Signature Prestataire

Sheet Tarifs
A1: EBRIÉ LAGOON EXPERIENCE – TABLE DES TARIFS | F1: Liste Packs | G1: Liste Options
F2: Demande en mariage Premium | G2: Décoration romantique
A3: Type | B3: Désignation | C3: Prix unitaire (FCFA) | D3: Observations | F3: Anniversaire Premium | G3: Décoration luxe complète
A4: PACK | B4: Demande en mariage Premium | C4: 400000 | D4: Bateau privatisé, musique douce, boissons classiques | F4: Corporate Premium | G4: Photographe
A5: PACK | B5: Anniversaire Premium | C5: 300000 | D5: Bateau privatisé, décoration standard, playlist, boissons | G5: Vidéaste
A6: PACK | B6: Corporate Premium | C6: 800000 | D6: Bateau privatisé, coordination, animation légère | G6: DJ professionnel
A7: OPTION | B7: Décoration romantique | C7: 100000 | D7: Fleurs, bougies, mise en scène simple | G7: Gâteau personnalisé
A8: OPTION | B8: Décoration luxe complète | C8: 250000 | D8: Fleurs naturelles, LED, scénographie | G8: Dîner romantique
A9: OPTION | B9: Photographe | C9: 80000 | D9: Couverture photo de l’événement | G9: Cocktail dînatoire
A10: OPTION | B10: Vidéaste | C10: 150000 | D10: Captation + montage souvenir | G10: Message personnalisé
A11: OPTION | B11: DJ professionnel | C11: 100000 | D11: Animation musicale | G11: Mise en scène personnalisée
A12: OPTION | B12: Gâteau personnalisé | C12: 50000 | D12: Selon thème choisi | G12: Boissons premium
A13: OPTION | B13: Dîner romantique | C13: 150000 | D13: Menu sélectionné à bord | G13: Branding corporate
A14: OPTION | B14: Cocktail dînatoire | C14: 120000 | D14: Pièces salées/sucrées + boissons | G14: Service traiteur corporate
A15: OPTION | B15: Message personnalisé | C15: 50000 | D15: Bannière ou support visuel | G15: Animation spéciale / MC
A16: OPTION | B16: Mise en scène personnalisée | C16: 150000 | D16: Scénario surprise coordonné
A17: OPTION | B17: Boissons premium | C17: 100000 | D17: Vin / champagne / softs selon formule
A18: OPTION | B18: Branding corporate | C18: 150000 | D18: Logo, couleurs, signalétique événement
A19: OPTION | B19: Service traiteur corporate | C19: 300000 | D19: Cocktail / repas entreprise
A20: OPTION | B20: Animation spéciale / MC | C20: 100000 | D20: Animation événementielle

Sheet Suivi factures
A1: REGISTRE DE SUIVI DES FACTURES
A3: N° Facture | B3: Date | C3: Client | D3: Pack | E3: Total facture | F3: Total payé | G3: Reste à payer | H3: Statut
A4: ='Facture automatique'!B7 -> FAC-EL-001 | B4: ='Facture automatique'!D7 -> JJ/MM/AAAA | C4: ='Facture automatique'!B8 -> [Nom client] | D4: ='Facture automatique'!B11 -> Demande en mariage Premium | E4: ='Facture automatique'!E31 -> 400000 | F4: ='Facture automatique'!E35 -> 0 | G4: ='Facture automatique'!E36 -> 400000 | H4: ='Facture automatique'!E37 -> EN ATTENTE

Sheet Mode d'emploi
A1: MODE D’EMPLOI – FACTURE AUTOMATIQUE
A3: 1. Dans l’onglet « Facture automatique », cliquez sur B11 pour choisir le pack principal.
A4: 2. Cliquez en colonne B du détail pour choisir une prestation ou une option.
A5: 3. Saisissez les quantités en colonne C.
A6: 4. Saisissez les montants encaissés en E33 et E34.
A7: 5. Le total, le reste à payer et le statut se calculent automatiquement.
A8: 6. L’onglet « Tarifs » permet de modifier les prix.
A9: 7. L’onglet « Suivi factures » reprend la facture courante.
